,experiment,prep_date,neuron,firing_rate,timing,group,culture_ID
0,100x-pulse-2Hz,31-01-2023,1,0.008333333333333333,dur,stim,1-1-1
1,100x-pulse-2Hz,31-01-2023,2,0.016666666666666666,dur,stim,1-1-1
2,100x-pulse-2Hz,31-01-2023,3,0.016666666666666666,dur,stim,1-1-1
3,100x-pulse-2Hz,31-01-2023,8,0.0,dur,stim,1-1-1
4,100x-pulse-2Hz,31-01-2023,11,0.03333333333333333,dur,stim,1-1-1
5,100x-pulse-2Hz,31-01-2023,12,0.03333333333333333,dur,stim,1-1-1
6,100x-pulse-2Hz,31-01-2023,14,0.041666666666666664,dur,stim,1-1-1
7,100x-pulse-2Hz,31-01-2023,15,0.05,dur,stim,1-1-1
8,100x-pulse-2Hz,31-01-2023,16,0.041666666666666664,dur,stim,1-1-1
9,100x-pulse-2Hz,31-01-2023,17,0.05,dur,stim,1-1-1
10,100x-pulse-2Hz,31-01-2023,18,0.03333333333333333,dur,stim,1-1-1
11,100x-pulse-2Hz,31-01-2023,1,0.016666666666666666,pre,stim,1-1-1
12,100x-pulse-2Hz,31-01-2023,2,0.016666666666666666,pre,stim,1-1-1
13,100x-pulse-2Hz,31-01-2023,6,0.008333333333333333,pre,stim,1-1-1
14,100x-pulse-2Hz,31-01-2023,7,0.0,pre,stim,1-1-1
15,100x-pulse-2Hz,31-01-2023,10,0.0,pre,stim,1-1-1
16,100x-pulse-2Hz,31-01-2023,11,0.008333333333333333,pre,stim,1-1-1
17,100x-pulse-2Hz,31-01-2023,12,0.008333333333333333,pre,stim,1-1-1
18,100x-pulse-2Hz,31-01-2023,13,0.016666666666666666,pre,stim,1-1-1
19,100x-pulse-2Hz,31-01-2023,16,0.05,pre,stim,1-1-1
20,100x-pulse-2Hz,31-01-2023,17,0.05,pre,stim,1-1-1
21,100x-pulse-2Hz,31-01-2023,18,0.05,pre,stim,1-1-1
22,100x-pulse-2Hz,31-01-2023,19,0.05,pre,stim,1-1-1
23,100x-pulse-2Hz,31-01-2023,21,0.05,pre,stim,1-1-1
24,100x-pulse-2Hz,31-01-2023,22,0.041666666666666664,pre,stim,1-1-1
25,100x-pulse-2Hz,31-01-2023,1,0.008333333333333333,dur,stim,1-1-2
26,100x-pulse-2Hz,31-01-2023,9,0.016666666666666666,dur,stim,1-1-2
27,100x-pulse-2Hz,31-01-2023,11,0.03333333333333333,dur,stim,1-1-2
28,100x-pulse-2Hz,31-01-2023,13,0.016666666666666666,dur,stim,1-1-2
29,100x-pulse-2Hz,31-01-2023,14,0.008333333333333333,dur,stim,1-1-2
30,100x-pulse-2Hz,31-01-2023,17,0.041666666666666664,dur,stim,1-1-2
31,100x-pulse-2Hz,31-01-2023,18,0.03333333333333333,dur,stim,1-1-2
32,100x-pulse-2Hz,31-01-2023,20,0.041666666666666664,dur,stim,1-1-2
33,100x-pulse-2Hz,31-01-2023,21,0.016666666666666666,dur,stim,1-1-2
34,100x-pulse-2Hz,31-01-2023,22,0.041666666666666664,dur,stim,1-1-2
35,100x-pulse-2Hz,31-01-2023,25,0.041666666666666664,dur,stim,1-1-2
36,100x-pulse-2Hz,31-01-2023,26,0.0,dur,stim,1-1-2
37,100x-pulse-2Hz,31-01-2023,27,0.025,dur,stim,1-1-2
38,100x-pulse-2Hz,31-01-2023,28,0.03333333333333333,dur,stim,1-1-2
39,100x-pulse-2Hz,31-01-2023,30,0.025,dur,stim,1-1-2
40,100x-pulse-2Hz,31-01-2023,32,0.03333333333333333,dur,stim,1-1-2
41,100x-pulse-2Hz,31-01-2023,33,0.008333333333333333,dur,stim,1-1-2
42,100x-pulse-2Hz,31-01-2023,34,0.008333333333333333,dur,stim,1-1-2
43,100x-pulse-2Hz,31-01-2023,38,0.0,dur,stim,1-1-2
44,100x-pulse-2Hz,31-01-2023,39,0.0,dur,stim,1-1-2
45,100x-pulse-2Hz,31-01-2023,40,0.0,dur,stim,1-1-2
46,100x-pulse-2Hz,31-01-2023,41,0.016666666666666666,dur,stim,1-1-2
47,100x-pulse-2Hz,31-01-2023,43,0.016666666666666666,dur,stim,1-1-2
48,100x-pulse-2Hz,31-01-2023,44,0.0,dur,stim,1-1-2
49,100x-pulse-2Hz,31-01-2023,46,0.008333333333333333,dur,stim,1-1-2
50,100x-pulse-2Hz,31-01-2023,47,0.008333333333333333,dur,stim,1-1-2
51,100x-pulse-2Hz,31-01-2023,48,0.0,dur,stim,1-1-2
52,100x-pulse-2Hz,31-01-2023,50,0.0,dur,stim,1-1-2
53,100x-pulse-2Hz,31-01-2023,2,0.008333333333333333,pre,stim,1-1-2
54,100x-pulse-2Hz,31-01-2023,5,0.0,pre,stim,1-1-2
55,100x-pulse-2Hz,31-01-2023,6,0.0,pre,stim,1-1-2
56,100x-pulse-2Hz,31-01-2023,12,0.016666666666666666,pre,stim,1-1-2
57,100x-pulse-2Hz,31-01-2023,17,0.008333333333333333,pre,stim,1-1-2
58,100x-pulse-2Hz,31-01-2023,19,0.008333333333333333,pre,stim,1-1-2
59,100x-pulse-2Hz,31-01-2023,22,0.008333333333333333,pre,stim,1-1-2
60,100x-pulse-2Hz,31-01-2023,23,0.008333333333333333,pre,stim,1-1-2
61,100x-pulse-2Hz,31-01-2023,24,0.008333333333333333,pre,stim,1-1-2
62,100x-pulse-2Hz,31-01-2023,32,0.0,pre,stim,1-1-2
63,100x-pulse-2Hz,31-01-2023,34,0.0,pre,stim,1-1-2
64,100x-pulse-2Hz,31-01-2023,36,0.008333333333333333,pre,stim,1-1-2
65,100x-pulse-2Hz,31-01-2023,39,0.008333333333333333,pre,stim,1-1-2
66,100x-pulse-2Hz,31-01-2023,40,0.0,pre,stim,1-1-2
67,100x-pulse-2Hz,31-01-2023,41,0.0,pre,stim,1-1-2
68,100x-pulse-2Hz,31-01-2023,42,0.016666666666666666,pre,stim,1-1-2
69,100x-pulse-2Hz,31-01-2023,43,0.008333333333333333,pre,stim,1-1-2
70,100x-pulse-2Hz,31-01-2023,45,0.0,pre,stim,1-1-2
71,100x-pulse-2Hz,31-01-2023,46,0.0,pre,stim,1-1-2
72,100x-pulse-2Hz,31-01-2023,47,0.008333333333333333,pre,stim,1-1-2
73,100x-pulse-2Hz,31-01-2023,49,0.0,pre,stim,1-1-2
74,100x-pulse-2Hz,31-01-2023,51,0.008333333333333333,pre,stim,1-1-2
75,100x-pulse-2Hz,31-01-2023,53,0.0,pre,stim,1-1-2
76,100x-pulse-2Hz,31-01-2023,54,0.016666666666666666,pre,stim,1-1-2
77,100x-pulse-2Hz,31-01-2023,55,0.008333333333333333,pre,stim,1-1-2
78,100x-pulse-2Hz,31-01-2023,59,0.008333333333333333,pre,stim,1-1-2
79,100x-pulse-2Hz,31-01-2023,62,0.016666666666666666,pre,stim,1-1-2
80,100x-pulse-2Hz,31-01-2023,63,0.0,pre,stim,1-1-2
81,100x-pulse-2Hz,31-01-2023,64,0.008333333333333333,pre,stim,1-1-2
82,100x-pulse-2Hz,31-01-2023,65,0.016666666666666666,pre,stim,1-1-2
83,100x-pulse-2Hz,31-01-2023,67,0.0,pre,stim,1-1-2
84,100x-pulse-2Hz,31-01-2023,68,0.0,pre,stim,1-1-2
85,100x-pulse-2Hz,31-01-2023,69,0.0,pre,stim,1-1-2
86,100x-pulse-2Hz,31-01-2023,70,0.008333333333333333,pre,stim,1-1-2
87,100x-pulse-2Hz,31-01-2023,73,0.008333333333333333,pre,stim,1-1-2
88,100x-pulse-2Hz,31-01-2023,74,0.0,pre,stim,1-1-2
89,100x-pulse-2Hz,31-01-2023,75,0.008333333333333333,pre,stim,1-1-2
90,100x-pulse-2Hz,31-01-2023,78,0.016666666666666666,pre,stim,1-1-2
91,100x-pulse-2Hz,31-01-2023,80,0.016666666666666666,pre,stim,1-1-2
92,100x-pulse-2Hz,31-01-2023,82,0.0,pre,stim,1-1-2
93,100x-pulse-2Hz,31-01-2023,83,0.0,pre,stim,1-1-2
94,100x-pulse-2Hz,31-01-2023,84,0.016666666666666666,pre,stim,1-1-2
95,100x-pulse-2Hz,31-01-2023,1,0.008333333333333333,dur,sham,1-2-1
96,100x-pulse-2Hz,31-01-2023,5,0.016666666666666666,dur,sham,1-2-1
97,100x-pulse-2Hz,31-01-2023,7,0.008333333333333333,dur,sham,1-2-1
98,100x-pulse-2Hz,31-01-2023,8,0.016666666666666666,dur,sham,1-2-1
99,100x-pulse-2Hz,31-01-2023,1,0.016666666666666666,pre,sham,1-2-1
100,100x-pulse-2Hz,31-01-2023,2,0.016666666666666666,pre,sham,1-2-1
101,100x-pulse-2Hz,31-01-2023,5,0.008333333333333333,pre,sham,1-2-1
102,100x-pulse-2Hz,31-01-2023,7,0.0,pre,sham,1-2-1
103,100x-pulse-2Hz,31-01-2023,10,0.008333333333333333,pre,sham,1-2-1
104,100x-pulse-2Hz,31-01-2023,12,0.0,pre,sham,1-2-1
105,100x-pulse-2Hz,31-01-2023,1,0.0,dur,sham,1-2-2
106,100x-pulse-2Hz,31-01-2023,2,0.025,dur,sham,1-2-2
107,100x-pulse-2Hz,31-01-2023,3,0.0,dur,sham,1-2-2
108,100x-pulse-2Hz,31-01-2023,5,0.0,dur,sham,1-2-2
109,100x-pulse-2Hz,31-01-2023,8,0.0,dur,sham,1-2-2
110,100x-pulse-2Hz,31-01-2023,10,0.0,dur,sham,1-2-2
111,100x-pulse-2Hz,31-01-2023,11,0.008333333333333333,dur,sham,1-2-2
112,100x-pulse-2Hz,31-01-2023,12,0.0,dur,sham,1-2-2
113,100x-pulse-2Hz,31-01-2023,13,0.0,dur,sham,1-2-2
114,100x-pulse-2Hz,31-01-2023,14,0.008333333333333333,dur,sham,1-2-2
115,100x-pulse-2Hz,31-01-2023,16,0.008333333333333333,dur,sham,1-2-2
116,100x-pulse-2Hz,31-01-2023,17,0.0,dur,sham,1-2-2
117,100x-pulse-2Hz,31-01-2023,18,0.016666666666666666,dur,sham,1-2-2
118,100x-pulse-2Hz,31-01-2023,20,0.0,dur,sham,1-2-2
119,100x-pulse-2Hz,31-01-2023,21,0.0,dur,sham,1-2-2
120,100x-pulse-2Hz,31-01-2023,22,0.016666666666666666,dur,sham,1-2-2
121,100x-pulse-2Hz,31-01-2023,25,0.0,dur,sham,1-2-2
122,100x-pulse-2Hz,31-01-2023,26,0.008333333333333333,dur,sham,1-2-2
123,100x-pulse-2Hz,31-01-2023,27,0.0,dur,sham,1-2-2
124,100x-pulse-2Hz,31-01-2023,28,0.008333333333333333,dur,sham,1-2-2
125,100x-pulse-2Hz,31-01-2023,31,0.008333333333333333,dur,sham,1-2-2
126,100x-pulse-2Hz,31-01-2023,32,0.0,dur,sham,1-2-2
127,100x-pulse-2Hz,31-01-2023,34,0.0,dur,sham,1-2-2
128,100x-pulse-2Hz,31-01-2023,37,0.0,dur,sham,1-2-2
129,100x-pulse-2Hz,31-01-2023,38,0.008333333333333333,dur,sham,1-2-2
130,100x-pulse-2Hz,31-01-2023,39,0.008333333333333333,dur,sham,1-2-2
131,100x-pulse-2Hz,31-01-2023,40,0.0,dur,sham,1-2-2
132,100x-pulse-2Hz,31-01-2023,41,0.016666666666666666,dur,sham,1-2-2
133,100x-pulse-2Hz,31-01-2023,42,0.0,dur,sham,1-2-2
134,100x-pulse-2Hz,31-01-2023,43,0.008333333333333333,dur,sham,1-2-2
135,100x-pulse-2Hz,31-01-2023,44,0.016666666666666666,dur,sham,1-2-2
136,100x-pulse-2Hz,31-01-2023,45,0.0,dur,sham,1-2-2
137,100x-pulse-2Hz,31-01-2023,46,0.0,dur,sham,1-2-2
138,100x-pulse-2Hz,31-01-2023,49,0.016666666666666666,dur,sham,1-2-2
139,100x-pulse-2Hz,31-01-2023,52,0.008333333333333333,dur,sham,1-2-2
140,100x-pulse-2Hz,31-01-2023,53,0.016666666666666666,dur,sham,1-2-2
141,100x-pulse-2Hz,31-01-2023,55,0.0,dur,sham,1-2-2
142,100x-pulse-2Hz,31-01-2023,56,0.0,dur,sham,1-2-2
143,100x-pulse-2Hz,31-01-2023,58,0.0,dur,sham,1-2-2
144,100x-pulse-2Hz,31-01-2023,60,0.0,dur,sham,1-2-2
145,100x-pulse-2Hz,31-01-2023,61,0.0,dur,sham,1-2-2
146,100x-pulse-2Hz,31-01-2023,62,0.008333333333333333,dur,sham,1-2-2
147,100x-pulse-2Hz,31-01-2023,65,0.0,dur,sham,1-2-2
148,100x-pulse-2Hz,31-01-2023,67,0.008333333333333333,dur,sham,1-2-2
149,100x-pulse-2Hz,31-01-2023,68,0.008333333333333333,dur,sham,1-2-2
150,100x-pulse-2Hz,31-01-2023,70,0.016666666666666666,dur,sham,1-2-2
151,100x-pulse-2Hz,31-01-2023,71,0.008333333333333333,dur,sham,1-2-2
152,100x-pulse-2Hz,31-01-2023,73,0.0,dur,sham,1-2-2
153,100x-pulse-2Hz,31-01-2023,74,0.016666666666666666,dur,sham,1-2-2
154,100x-pulse-2Hz,31-01-2023,75,0.0,dur,sham,1-2-2
155,100x-pulse-2Hz,31-01-2023,79,0.016666666666666666,dur,sham,1-2-2
156,100x-pulse-2Hz,31-01-2023,80,0.008333333333333333,dur,sham,1-2-2
157,100x-pulse-2Hz,31-01-2023,81,0.008333333333333333,dur,sham,1-2-2
158,100x-pulse-2Hz,31-01-2023,82,0.008333333333333333,dur,sham,1-2-2
159,100x-pulse-2Hz,31-01-2023,83,0.0,dur,sham,1-2-2
160,100x-pulse-2Hz,31-01-2023,87,0.0,dur,sham,1-2-2
161,100x-pulse-2Hz,31-01-2023,88,0.0,dur,sham,1-2-2
162,100x-pulse-2Hz,31-01-2023,89,0.008333333333333333,dur,sham,1-2-2
163,100x-pulse-2Hz,31-01-2023,90,0.008333333333333333,dur,sham,1-2-2
164,100x-pulse-2Hz,31-01-2023,91,0.016666666666666666,dur,sham,1-2-2
165,100x-pulse-2Hz,31-01-2023,92,0.008333333333333333,dur,sham,1-2-2
166,100x-pulse-2Hz,31-01-2023,93,0.0,dur,sham,1-2-2
167,100x-pulse-2Hz,31-01-2023,94,0.0,dur,sham,1-2-2
168,100x-pulse-2Hz,31-01-2023,95,0.0,dur,sham,1-2-2
169,100x-pulse-2Hz,31-01-2023,96,0.008333333333333333,dur,sham,1-2-2
170,100x-pulse-2Hz,31-01-2023,97,0.0,dur,sham,1-2-2
171,100x-pulse-2Hz,31-01-2023,98,0.016666666666666666,dur,sham,1-2-2
172,100x-pulse-2Hz,31-01-2023,99,0.0,dur,sham,1-2-2
173,100x-pulse-2Hz,31-01-2023,100,0.025,dur,sham,1-2-2
174,100x-pulse-2Hz,31-01-2023,101,0.0,dur,sham,1-2-2
175,100x-pulse-2Hz,31-01-2023,102,0.0,dur,sham,1-2-2
176,100x-pulse-2Hz,31-01-2023,103,0.0,dur,sham,1-2-2
177,100x-pulse-2Hz,31-01-2023,104,0.0,dur,sham,1-2-2
178,100x-pulse-2Hz,31-01-2023,106,0.008333333333333333,dur,sham,1-2-2
179,100x-pulse-2Hz,31-01-2023,107,0.0,dur,sham,1-2-2
180,100x-pulse-2Hz,31-01-2023,109,0.0,dur,sham,1-2-2
181,100x-pulse-2Hz,31-01-2023,112,0.008333333333333333,dur,sham,1-2-2
182,100x-pulse-2Hz,31-01-2023,113,0.016666666666666666,dur,sham,1-2-2
183,100x-pulse-2Hz,31-01-2023,118,0.008333333333333333,dur,sham,1-2-2
184,100x-pulse-2Hz,31-01-2023,119,0.0,dur,sham,1-2-2
185,100x-pulse-2Hz,31-01-2023,120,0.0,dur,sham,1-2-2
186,100x-pulse-2Hz,31-01-2023,123,0.008333333333333333,dur,sham,1-2-2
187,100x-pulse-2Hz,31-01-2023,126,0.008333333333333333,dur,sham,1-2-2
188,100x-pulse-2Hz,31-01-2023,127,0.008333333333333333,dur,sham,1-2-2
189,100x-pulse-2Hz,31-01-2023,128,0.008333333333333333,dur,sham,1-2-2
190,100x-pulse-2Hz,31-01-2023,130,0.0,dur,sham,1-2-2
191,100x-pulse-2Hz,31-01-2023,131,0.008333333333333333,dur,sham,1-2-2
192,100x-pulse-2Hz,31-01-2023,132,0.008333333333333333,dur,sham,1-2-2
193,100x-pulse-2Hz,31-01-2023,133,0.0,dur,sham,1-2-2
194,100x-pulse-2Hz,31-01-2023,142,0.0,dur,sham,1-2-2
195,100x-pulse-2Hz,31-01-2023,143,0.0,dur,sham,1-2-2
196,100x-pulse-2Hz,31-01-2023,144,0.0,dur,sham,1-2-2
197,100x-pulse-2Hz,31-01-2023,150,0.008333333333333333,dur,sham,1-2-2
198,100x-pulse-2Hz,31-01-2023,154,0.0,dur,sham,1-2-2
199,100x-pulse-2Hz,31-01-2023,155,0.016666666666666666,dur,sham,1-2-2
200,100x-pulse-2Hz,31-01-2023,158,0.0,dur,sham,1-2-2
201,100x-pulse-2Hz,31-01-2023,1,0.0,pre,sham,1-2-2
202,100x-pulse-2Hz,31-01-2023,2,0.016666666666666666,pre,sham,1-2-2
203,100x-pulse-2Hz,31-01-2023,3,0.008333333333333333,pre,sham,1-2-2
204,100x-pulse-2Hz,31-01-2023,5,0.0,pre,sham,1-2-2
205,100x-pulse-2Hz,31-01-2023,6,0.0,pre,sham,1-2-2
206,100x-pulse-2Hz,31-01-2023,7,0.008333333333333333,pre,sham,1-2-2
207,100x-pulse-2Hz,31-01-2023,10,0.008333333333333333,pre,sham,1-2-2
208,100x-pulse-2Hz,31-01-2023,12,0.008333333333333333,pre,sham,1-2-2
209,100x-pulse-2Hz,31-01-2023,13,0.016666666666666666,pre,sham,1-2-2
210,100x-pulse-2Hz,31-01-2023,15,0.008333333333333333,pre,sham,1-2-2
211,100x-pulse-2Hz,31-01-2023,16,0.008333333333333333,pre,sham,1-2-2
212,100x-pulse-2Hz,31-01-2023,20,0.008333333333333333,pre,sham,1-2-2
213,100x-pulse-2Hz,31-01-2023,23,0.008333333333333333,pre,sham,1-2-2
214,100x-pulse-2Hz,31-01-2023,24,0.008333333333333333,pre,sham,1-2-2
215,100x-pulse-2Hz,31-01-2023,29,0.008333333333333333,pre,sham,1-2-2
216,100x-pulse-2Hz,31-01-2023,30,0.016666666666666666,pre,sham,1-2-2
217,100x-pulse-2Hz,31-01-2023,31,0.0,pre,sham,1-2-2
218,100x-pulse-2Hz,31-01-2023,33,0.016666666666666666,pre,sham,1-2-2
219,100x-pulse-2Hz,31-01-2023,35,0.0,pre,sham,1-2-2
220,100x-pulse-2Hz,31-01-2023,36,0.016666666666666666,pre,sham,1-2-2
221,100x-pulse-2Hz,31-01-2023,39,0.008333333333333333,pre,sham,1-2-2
222,100x-pulse-2Hz,31-01-2023,40,0.008333333333333333,pre,sham,1-2-2
223,100x-pulse-2Hz,31-01-2023,41,0.016666666666666666,pre,sham,1-2-2
224,100x-pulse-2Hz,31-01-2023,42,0.008333333333333333,pre,sham,1-2-2
225,100x-pulse-2Hz,31-01-2023,43,0.008333333333333333,pre,sham,1-2-2
226,100x-pulse-2Hz,31-01-2023,44,0.008333333333333333,pre,sham,1-2-2
227,100x-pulse-2Hz,31-01-2023,45,0.008333333333333333,pre,sham,1-2-2
228,100x-pulse-2Hz,31-01-2023,51,0.0,pre,sham,1-2-2
229,100x-pulse-2Hz,31-01-2023,54,0.008333333333333333,pre,sham,1-2-2
230,100x-pulse-2Hz,31-01-2023,55,0.0,pre,sham,1-2-2
231,100x-pulse-2Hz,31-01-2023,56,0.008333333333333333,pre,sham,1-2-2
232,100x-pulse-2Hz,31-01-2023,58,0.016666666666666666,pre,sham,1-2-2
233,100x-pulse-2Hz,31-01-2023,60,0.0,pre,sham,1-2-2
234,100x-pulse-2Hz,31-01-2023,62,0.0,pre,sham,1-2-2
235,100x-pulse-2Hz,31-01-2023,64,0.016666666666666666,pre,sham,1-2-2
236,100x-pulse-2Hz,31-01-2023,66,0.0,pre,sham,1-2-2
237,100x-pulse-2Hz,31-01-2023,68,0.0,pre,sham,1-2-2
238,100x-pulse-2Hz,31-01-2023,71,0.008333333333333333,pre,sham,1-2-2
239,100x-pulse-2Hz,31-01-2023,73,0.016666666666666666,pre,sham,1-2-2
240,100x-pulse-2Hz,31-01-2023,75,0.016666666666666666,pre,sham,1-2-2
241,100x-pulse-2Hz,31-01-2023,76,0.0,pre,sham,1-2-2
242,100x-pulse-2Hz,31-01-2023,77,0.0,pre,sham,1-2-2
243,100x-pulse-2Hz,31-01-2023,79,0.016666666666666666,pre,sham,1-2-2
244,100x-pulse-2Hz,31-01-2023,80,0.008333333333333333,pre,sham,1-2-2
245,100x-pulse-2Hz,31-01-2023,81,0.0,pre,sham,1-2-2
246,100x-pulse-2Hz,31-01-2023,82,0.008333333333333333,pre,sham,1-2-2
247,100x-pulse-2Hz,31-01-2023,84,0.0,pre,sham,1-2-2
248,100x-pulse-2Hz,31-01-2023,85,0.0,pre,sham,1-2-2
249,100x-pulse-2Hz,31-01-2023,86,0.016666666666666666,pre,sham,1-2-2
250,100x-pulse-2Hz,31-01-2023,89,0.008333333333333333,pre,sham,1-2-2
251,100x-pulse-2Hz,31-01-2023,90,0.008333333333333333,pre,sham,1-2-2
252,100x-pulse-2Hz,31-01-2023,91,0.0,pre,sham,1-2-2
253,100x-pulse-2Hz,31-01-2023,92,0.016666666666666666,pre,sham,1-2-2
254,100x-pulse-2Hz,31-01-2023,93,0.016666666666666666,pre,sham,1-2-2
255,100x-pulse-2Hz,31-01-2023,94,0.0,pre,sham,1-2-2
256,100x-pulse-2Hz,31-01-2023,95,0.025,pre,sham,1-2-2
257,100x-pulse-2Hz,31-01-2023,96,0.008333333333333333,pre,sham,1-2-2
258,100x-pulse-2Hz,31-01-2023,98,0.016666666666666666,pre,sham,1-2-2
259,100x-pulse-2Hz,31-01-2023,101,0.008333333333333333,pre,sham,1-2-2
260,100x-pulse-2Hz,31-01-2023,102,0.0,pre,sham,1-2-2
261,100x-pulse-2Hz,31-01-2023,103,0.0,pre,sham,1-2-2
262,100x-pulse-2Hz,31-01-2023,104,0.0,pre,sham,1-2-2
263,100x-pulse-2Hz,31-01-2023,105,0.0,pre,sham,1-2-2
264,100x-pulse-2Hz,31-01-2023,107,0.008333333333333333,pre,sham,1-2-2
265,100x-pulse-2Hz,31-01-2023,108,0.0,pre,sham,1-2-2
266,100x-pulse-2Hz,31-01-2023,111,0.0,pre,sham,1-2-2
267,100x-pulse-2Hz,31-01-2023,113,0.008333333333333333,pre,sham,1-2-2
268,100x-pulse-2Hz,31-01-2023,114,0.016666666666666666,pre,sham,1-2-2
269,100x-pulse-2Hz,31-01-2023,115,0.0,pre,sham,1-2-2
270,100x-pulse-2Hz,31-01-2023,116,0.0,pre,sham,1-2-2
271,100x-pulse-2Hz,31-01-2023,118,0.008333333333333333,pre,sham,1-2-2
272,100x-pulse-2Hz,31-01-2023,119,0.0,pre,sham,1-2-2
273,100x-pulse-2Hz,31-01-2023,120,0.0,pre,sham,1-2-2
274,100x-pulse-2Hz,31-01-2023,121,0.0,pre,sham,1-2-2
275,100x-pulse-2Hz,31-01-2023,123,0.0,pre,sham,1-2-2
276,100x-pulse-2Hz,31-01-2023,124,0.0,pre,sham,1-2-2
277,100x-pulse-2Hz,31-01-2023,125,0.0,pre,sham,1-2-2
278,100x-pulse-2Hz,31-01-2023,127,0.016666666666666666,pre,sham,1-2-2
279,100x-pulse-2Hz,31-01-2023,129,0.008333333333333333,pre,sham,1-2-2
280,100x-pulse-2Hz,31-01-2023,130,0.008333333333333333,pre,sham,1-2-2
281,100x-pulse-2Hz,31-01-2023,131,0.008333333333333333,pre,sham,1-2-2
282,100x-pulse-2Hz,31-01-2023,132,0.0,pre,sham,1-2-2
283,100x-pulse-2Hz,31-01-2023,133,0.016666666666666666,pre,sham,1-2-2
284,100x-pulse-2Hz,31-01-2023,134,0.008333333333333333,pre,sham,1-2-2
285,100x-pulse-2Hz,31-01-2023,136,0.008333333333333333,pre,sham,1-2-2
286,100x-pulse-2Hz,31-01-2023,138,0.0,pre,sham,1-2-2
287,100x-pulse-2Hz,31-01-2023,139,0.0,pre,sham,1-2-2
288,100x-pulse-2Hz,31-01-2023,141,0.008333333333333333,pre,sham,1-2-2
289,100x-pulse-2Hz,31-01-2023,142,0.008333333333333333,pre,sham,1-2-2
290,100x-pulse-2Hz,31-01-2023,143,0.0,pre,sham,1-2-2
291,100x-pulse-2Hz,31-01-2023,145,0.025,pre,sham,1-2-2
292,100x-pulse-2Hz,31-01-2023,146,0.0,pre,sham,1-2-2
293,100x-pulse-2Hz,31-01-2023,147,0.0,pre,sham,1-2-2
294,100x-pulse-2Hz,31-01-2023,148,0.008333333333333333,pre,sham,1-2-2
295,100x-pulse-2Hz,31-01-2023,149,0.0,pre,sham,1-2-2
296,100x-pulse-2Hz,31-01-2023,151,0.008333333333333333,pre,sham,1-2-2
297,100x-pulse-2Hz,31-01-2023,152,0.008333333333333333,pre,sham,1-2-2
298,100x-pulse-2Hz,31-01-2023,153,0.008333333333333333,pre,sham,1-2-2
299,100x-pulse-2Hz,31-01-2023,154,0.008333333333333333,pre,sham,1-2-2
300,100x-pulse-2Hz,31-01-2023,156,0.008333333333333333,pre,sham,1-2-2
301,100x-pulse-2Hz,31-01-2023,157,0.0,pre,sham,1-2-2
302,100x-pulse-2Hz,31-01-2023,158,0.016666666666666666,pre,sham,1-2-2
303,100x-pulse-2Hz,31-01-2023,164,0.008333333333333333,pre,sham,1-2-2
304,100x-pulse-2Hz,31-01-2023,165,0.0,pre,sham,1-2-2
305,100x-pulse-2Hz,31-01-2023,169,0.0,pre,sham,1-2-2
306,100x-pulse-2Hz,31-01-2023,172,0.008333333333333333,pre,sham,1-2-2
307,100x-pulse-2Hz,31-01-2023,175,0.008333333333333333,pre,sham,1-2-2
308,100x-pulse-2Hz,31-01-2023,181,0.0,pre,sham,1-2-2
309,100x-pulse-2Hz,31-01-2023,187,0.0,pre,sham,1-2-2
310,100x-pulse-2Hz,31-01-2023,190,0.0,pre,sham,1-2-2
311,100x-pulse-2Hz,31-01-2023,191,0.008333333333333333,pre,sham,1-2-2
312,100x-pulse-2Hz,31-01-2023,196,0.016666666666666666,pre,sham,1-2-2
313,100x-pulse-2Hz,31-01-2023,197,0.025,pre,sham,1-2-2
314,100x-pulse-2Hz,31-01-2023,200,0.008333333333333333,pre,sham,1-2-2
315,100x-pulse-2Hz,31-01-2023,1,0.008333333333333333,dur,stim,1-2-2
316,100x-pulse-2Hz,31-01-2023,2,0.0,dur,stim,1-2-2
317,100x-pulse-2Hz,31-01-2023,3,0.016666666666666666,dur,stim,1-2-2
318,100x-pulse-2Hz,31-01-2023,4,0.008333333333333333,dur,stim,1-2-2
319,100x-pulse-2Hz,31-01-2023,6,0.008333333333333333,dur,stim,1-2-2
320,100x-pulse-2Hz,31-01-2023,7,0.008333333333333333,dur,stim,1-2-2
321,100x-pulse-2Hz,31-01-2023,10,0.016666666666666666,dur,stim,1-2-2
322,100x-pulse-2Hz,31-01-2023,11,0.0,dur,stim,1-2-2
323,100x-pulse-2Hz,31-01-2023,12,0.016666666666666666,dur,stim,1-2-2
324,100x-pulse-2Hz,31-01-2023,13,0.0,dur,stim,1-2-2
325,100x-pulse-2Hz,31-01-2023,14,0.016666666666666666,dur,stim,1-2-2
326,100x-pulse-2Hz,31-01-2023,17,0.008333333333333333,dur,stim,1-2-2
327,100x-pulse-2Hz,31-01-2023,23,0.016666666666666666,dur,stim,1-2-2
328,100x-pulse-2Hz,31-01-2023,24,0.008333333333333333,dur,stim,1-2-2
329,100x-pulse-2Hz,31-01-2023,25,0.025,dur,stim,1-2-2
330,100x-pulse-2Hz,31-01-2023,26,0.008333333333333333,dur,stim,1-2-2
331,100x-pulse-2Hz,31-01-2023,27,0.008333333333333333,dur,stim,1-2-2
332,100x-pulse-2Hz,31-01-2023,28,0.008333333333333333,dur,stim,1-2-2
333,100x-pulse-2Hz,31-01-2023,31,0.008333333333333333,dur,stim,1-2-2
334,100x-pulse-2Hz,31-01-2023,35,0.008333333333333333,dur,stim,1-2-2
335,100x-pulse-2Hz,31-01-2023,36,0.008333333333333333,dur,stim,1-2-2
336,100x-pulse-2Hz,31-01-2023,39,0.025,dur,stim,1-2-2
337,100x-pulse-2Hz,31-01-2023,43,0.008333333333333333,dur,stim,1-2-2
338,100x-pulse-2Hz,31-01-2023,45,0.008333333333333333,dur,stim,1-2-2
339,100x-pulse-2Hz,31-01-2023,46,0.0,dur,stim,1-2-2
340,100x-pulse-2Hz,31-01-2023,48,0.0,dur,stim,1-2-2
341,100x-pulse-2Hz,31-01-2023,49,0.016666666666666666,dur,stim,1-2-2
342,100x-pulse-2Hz,31-01-2023,55,0.008333333333333333,dur,stim,1-2-2
343,100x-pulse-2Hz,31-01-2023,56,0.008333333333333333,dur,stim,1-2-2
344,100x-pulse-2Hz,31-01-2023,57,0.008333333333333333,dur,stim,1-2-2
345,100x-pulse-2Hz,31-01-2023,58,0.008333333333333333,dur,stim,1-2-2
346,100x-pulse-2Hz,31-01-2023,64,0.008333333333333333,dur,stim,1-2-2
347,100x-pulse-2Hz,31-01-2023,65,0.025,dur,stim,1-2-2
348,100x-pulse-2Hz,31-01-2023,67,0.0,dur,stim,1-2-2
349,100x-pulse-2Hz,31-01-2023,69,0.008333333333333333,dur,stim,1-2-2
350,100x-pulse-2Hz,31-01-2023,72,0.008333333333333333,dur,stim,1-2-2
351,100x-pulse-2Hz,31-01-2023,74,0.025,dur,stim,1-2-2
352,100x-pulse-2Hz,31-01-2023,75,0.008333333333333333,dur,stim,1-2-2
353,100x-pulse-2Hz,31-01-2023,76,0.008333333333333333,dur,stim,1-2-2
354,100x-pulse-2Hz,31-01-2023,78,0.008333333333333333,dur,stim,1-2-2
355,100x-pulse-2Hz,31-01-2023,80,0.008333333333333333,dur,stim,1-2-2
356,100x-pulse-2Hz,31-01-2023,81,0.008333333333333333,dur,stim,1-2-2
357,100x-pulse-2Hz,31-01-2023,83,0.008333333333333333,dur,stim,1-2-2
358,100x-pulse-2Hz,31-01-2023,84,0.016666666666666666,dur,stim,1-2-2
359,100x-pulse-2Hz,31-01-2023,85,0.0,dur,stim,1-2-2
360,100x-pulse-2Hz,31-01-2023,87,0.0,dur,stim,1-2-2
361,100x-pulse-2Hz,31-01-2023,90,0.0,dur,stim,1-2-2
362,100x-pulse-2Hz,31-01-2023,91,0.0,dur,stim,1-2-2
363,100x-pulse-2Hz,31-01-2023,94,0.008333333333333333,dur,stim,1-2-2
364,100x-pulse-2Hz,31-01-2023,99,0.0,dur,stim,1-2-2
365,100x-pulse-2Hz,31-01-2023,101,0.016666666666666666,dur,stim,1-2-2
366,100x-pulse-2Hz,31-01-2023,102,0.008333333333333333,dur,stim,1-2-2
367,100x-pulse-2Hz,31-01-2023,106,0.0,dur,stim,1-2-2
368,100x-pulse-2Hz,31-01-2023,107,0.008333333333333333,dur,stim,1-2-2
369,100x-pulse-2Hz,31-01-2023,111,0.0,dur,stim,1-2-2
370,100x-pulse-2Hz,31-01-2023,114,0.008333333333333333,dur,stim,1-2-2
371,100x-pulse-2Hz,31-01-2023,118,0.0,dur,stim,1-2-2
372,100x-pulse-2Hz,31-01-2023,121,0.016666666666666666,dur,stim,1-2-2
373,100x-pulse-2Hz,31-01-2023,122,0.0,dur,stim,1-2-2
374,100x-pulse-2Hz,31-01-2023,128,0.0,dur,stim,1-2-2
375,100x-pulse-2Hz,31-01-2023,131,0.0,dur,stim,1-2-2
376,100x-pulse-2Hz,31-01-2023,1,0.0,pre,stim,1-2-2
377,100x-pulse-2Hz,31-01-2023,2,0.016666666666666666,pre,stim,1-2-2
378,100x-pulse-2Hz,31-01-2023,3,0.008333333333333333,pre,stim,1-2-2
379,100x-pulse-2Hz,31-01-2023,5,0.0,pre,stim,1-2-2
380,100x-pulse-2Hz,31-01-2023,6,0.0,pre,stim,1-2-2
381,100x-pulse-2Hz,31-01-2023,7,0.008333333333333333,pre,stim,1-2-2
382,100x-pulse-2Hz,31-01-2023,10,0.008333333333333333,pre,stim,1-2-2
383,100x-pulse-2Hz,31-01-2023,12,0.008333333333333333,pre,stim,1-2-2
384,100x-pulse-2Hz,31-01-2023,13,0.016666666666666666,pre,stim,1-2-2
385,100x-pulse-2Hz,31-01-2023,15,0.008333333333333333,pre,stim,1-2-2
386,100x-pulse-2Hz,31-01-2023,16,0.008333333333333333,pre,stim,1-2-2
387,100x-pulse-2Hz,31-01-2023,20,0.008333333333333333,pre,stim,1-2-2
388,100x-pulse-2Hz,31-01-2023,23,0.008333333333333333,pre,stim,1-2-2
389,100x-pulse-2Hz,31-01-2023,24,0.008333333333333333,pre,stim,1-2-2
390,100x-pulse-2Hz,31-01-2023,29,0.008333333333333333,pre,stim,1-2-2
391,100x-pulse-2Hz,31-01-2023,30,0.016666666666666666,pre,stim,1-2-2
392,100x-pulse-2Hz,31-01-2023,31,0.0,pre,stim,1-2-2
393,100x-pulse-2Hz,31-01-2023,33,0.016666666666666666,pre,stim,1-2-2
394,100x-pulse-2Hz,31-01-2023,35,0.0,pre,stim,1-2-2
395,100x-pulse-2Hz,31-01-2023,36,0.016666666666666666,pre,stim,1-2-2
396,100x-pulse-2Hz,31-01-2023,39,0.008333333333333333,pre,stim,1-2-2
397,100x-pulse-2Hz,31-01-2023,40,0.008333333333333333,pre,stim,1-2-2
398,100x-pulse-2Hz,31-01-2023,41,0.016666666666666666,pre,stim,1-2-2
399,100x-pulse-2Hz,31-01-2023,42,0.008333333333333333,pre,stim,1-2-2
400,100x-pulse-2Hz,31-01-2023,43,0.008333333333333333,pre,stim,1-2-2
401,100x-pulse-2Hz,31-01-2023,44,0.008333333333333333,pre,stim,1-2-2
402,100x-pulse-2Hz,31-01-2023,45,0.008333333333333333,pre,stim,1-2-2
403,100x-pulse-2Hz,31-01-2023,51,0.0,pre,stim,1-2-2
404,100x-pulse-2Hz,31-01-2023,54,0.008333333333333333,pre,stim,1-2-2
405,100x-pulse-2Hz,31-01-2023,55,0.0,pre,stim,1-2-2
406,100x-pulse-2Hz,31-01-2023,56,0.008333333333333333,pre,stim,1-2-2
407,100x-pulse-2Hz,31-01-2023,58,0.016666666666666666,pre,stim,1-2-2
408,100x-pulse-2Hz,31-01-2023,60,0.0,pre,stim,1-2-2
409,100x-pulse-2Hz,31-01-2023,62,0.0,pre,stim,1-2-2
410,100x-pulse-2Hz,31-01-2023,64,0.016666666666666666,pre,stim,1-2-2
411,100x-pulse-2Hz,31-01-2023,66,0.0,pre,stim,1-2-2
412,100x-pulse-2Hz,31-01-2023,68,0.0,pre,stim,1-2-2
413,100x-pulse-2Hz,31-01-2023,71,0.008333333333333333,pre,stim,1-2-2
414,100x-pulse-2Hz,31-01-2023,73,0.016666666666666666,pre,stim,1-2-2
415,100x-pulse-2Hz,31-01-2023,75,0.016666666666666666,pre,stim,1-2-2
416,100x-pulse-2Hz,31-01-2023,76,0.0,pre,stim,1-2-2
417,100x-pulse-2Hz,31-01-2023,77,0.0,pre,stim,1-2-2
418,100x-pulse-2Hz,31-01-2023,79,0.016666666666666666,pre,stim,1-2-2
419,100x-pulse-2Hz,31-01-2023,80,0.008333333333333333,pre,stim,1-2-2
420,100x-pulse-2Hz,31-01-2023,81,0.0,pre,stim,1-2-2
421,100x-pulse-2Hz,31-01-2023,82,0.008333333333333333,pre,stim,1-2-2
422,100x-pulse-2Hz,31-01-2023,84,0.0,pre,stim,1-2-2
423,100x-pulse-2Hz,31-01-2023,85,0.0,pre,stim,1-2-2
424,100x-pulse-2Hz,31-01-2023,86,0.016666666666666666,pre,stim,1-2-2
425,100x-pulse-2Hz,31-01-2023,89,0.008333333333333333,pre,stim,1-2-2
426,100x-pulse-2Hz,31-01-2023,90,0.008333333333333333,pre,stim,1-2-2
427,100x-pulse-2Hz,31-01-2023,91,0.0,pre,stim,1-2-2
428,100x-pulse-2Hz,31-01-2023,92,0.016666666666666666,pre,stim,1-2-2
429,100x-pulse-2Hz,31-01-2023,93,0.016666666666666666,pre,stim,1-2-2
430,100x-pulse-2Hz,31-01-2023,94,0.0,pre,stim,1-2-2
431,100x-pulse-2Hz,31-01-2023,95,0.025,pre,stim,1-2-2
432,100x-pulse-2Hz,31-01-2023,96,0.008333333333333333,pre,stim,1-2-2
433,100x-pulse-2Hz,31-01-2023,98,0.016666666666666666,pre,stim,1-2-2
434,100x-pulse-2Hz,31-01-2023,101,0.008333333333333333,pre,stim,1-2-2
435,100x-pulse-2Hz,31-01-2023,102,0.0,pre,stim,1-2-2
436,100x-pulse-2Hz,31-01-2023,103,0.0,pre,stim,1-2-2
437,100x-pulse-2Hz,31-01-2023,104,0.0,pre,stim,1-2-2
438,100x-pulse-2Hz,31-01-2023,105,0.0,pre,stim,1-2-2
439,100x-pulse-2Hz,31-01-2023,107,0.008333333333333333,pre,stim,1-2-2
440,100x-pulse-2Hz,31-01-2023,108,0.0,pre,stim,1-2-2
441,100x-pulse-2Hz,31-01-2023,111,0.0,pre,stim,1-2-2
442,100x-pulse-2Hz,31-01-2023,113,0.008333333333333333,pre,stim,1-2-2
443,100x-pulse-2Hz,31-01-2023,114,0.016666666666666666,pre,stim,1-2-2
444,100x-pulse-2Hz,31-01-2023,115,0.0,pre,stim,1-2-2
445,100x-pulse-2Hz,31-01-2023,116,0.0,pre,stim,1-2-2
446,100x-pulse-2Hz,31-01-2023,118,0.008333333333333333,pre,stim,1-2-2
447,100x-pulse-2Hz,31-01-2023,119,0.0,pre,stim,1-2-2
448,100x-pulse-2Hz,31-01-2023,120,0.0,pre,stim,1-2-2
449,100x-pulse-2Hz,31-01-2023,121,0.0,pre,stim,1-2-2
450,100x-pulse-2Hz,31-01-2023,123,0.0,pre,stim,1-2-2
451,100x-pulse-2Hz,31-01-2023,124,0.0,pre,stim,1-2-2
452,100x-pulse-2Hz,31-01-2023,125,0.0,pre,stim,1-2-2
453,100x-pulse-2Hz,31-01-2023,127,0.016666666666666666,pre,stim,1-2-2
454,100x-pulse-2Hz,31-01-2023,129,0.008333333333333333,pre,stim,1-2-2
455,100x-pulse-2Hz,31-01-2023,130,0.008333333333333333,pre,stim,1-2-2
456,100x-pulse-2Hz,31-01-2023,131,0.008333333333333333,pre,stim,1-2-2
457,100x-pulse-2Hz,31-01-2023,132,0.0,pre,stim,1-2-2
458,100x-pulse-2Hz,31-01-2023,133,0.016666666666666666,pre,stim,1-2-2
459,100x-pulse-2Hz,31-01-2023,134,0.008333333333333333,pre,stim,1-2-2
460,100x-pulse-2Hz,31-01-2023,136,0.008333333333333333,pre,stim,1-2-2
461,100x-pulse-2Hz,31-01-2023,138,0.0,pre,stim,1-2-2
462,100x-pulse-2Hz,31-01-2023,139,0.0,pre,stim,1-2-2
463,100x-pulse-2Hz,31-01-2023,141,0.008333333333333333,pre,stim,1-2-2
464,100x-pulse-2Hz,31-01-2023,142,0.008333333333333333,pre,stim,1-2-2
465,100x-pulse-2Hz,31-01-2023,143,0.0,pre,stim,1-2-2
466,100x-pulse-2Hz,31-01-2023,145,0.025,pre,stim,1-2-2
467,100x-pulse-2Hz,31-01-2023,146,0.0,pre,stim,1-2-2
468,100x-pulse-2Hz,31-01-2023,147,0.0,pre,stim,1-2-2
469,100x-pulse-2Hz,31-01-2023,148,0.008333333333333333,pre,stim,1-2-2
470,100x-pulse-2Hz,31-01-2023,149,0.0,pre,stim,1-2-2
471,100x-pulse-2Hz,31-01-2023,151,0.008333333333333333,pre,stim,1-2-2
472,100x-pulse-2Hz,31-01-2023,152,0.008333333333333333,pre,stim,1-2-2
473,100x-pulse-2Hz,31-01-2023,153,0.008333333333333333,pre,stim,1-2-2
474,100x-pulse-2Hz,31-01-2023,154,0.008333333333333333,pre,stim,1-2-2
475,100x-pulse-2Hz,31-01-2023,156,0.008333333333333333,pre,stim,1-2-2
476,100x-pulse-2Hz,31-01-2023,157,0.0,pre,stim,1-2-2
477,100x-pulse-2Hz,31-01-2023,158,0.016666666666666666,pre,stim,1-2-2
478,100x-pulse-2Hz,31-01-2023,164,0.008333333333333333,pre,stim,1-2-2
479,100x-pulse-2Hz,31-01-2023,165,0.0,pre,stim,1-2-2
480,100x-pulse-2Hz,31-01-2023,169,0.0,pre,stim,1-2-2
481,100x-pulse-2Hz,31-01-2023,172,0.008333333333333333,pre,stim,1-2-2
482,100x-pulse-2Hz,31-01-2023,175,0.008333333333333333,pre,stim,1-2-2
483,100x-pulse-2Hz,31-01-2023,181,0.0,pre,stim,1-2-2
484,100x-pulse-2Hz,31-01-2023,187,0.0,pre,stim,1-2-2
485,100x-pulse-2Hz,31-01-2023,190,0.0,pre,stim,1-2-2
486,100x-pulse-2Hz,31-01-2023,191,0.008333333333333333,pre,stim,1-2-2
487,100x-pulse-2Hz,31-01-2023,196,0.016666666666666666,pre,stim,1-2-2
488,100x-pulse-2Hz,31-01-2023,197,0.025,pre,stim,1-2-2
489,100x-pulse-2Hz,31-01-2023,200,0.008333333333333333,pre,stim,1-2-2
490,100x-pulse-2Hz,31-01-2023,1,0.016666666666666666,dur,sham,2-1-1
491,100x-pulse-2Hz,31-01-2023,2,0.008333333333333333,dur,sham,2-1-1
492,100x-pulse-2Hz,31-01-2023,6,0.016666666666666666,dur,sham,2-1-1
493,100x-pulse-2Hz,31-01-2023,7,0.0,dur,sham,2-1-1
494,100x-pulse-2Hz,31-01-2023,8,0.016666666666666666,dur,sham,2-1-1
495,100x-pulse-2Hz,31-01-2023,10,0.0,dur,sham,2-1-1
496,100x-pulse-2Hz,31-01-2023,11,0.0,dur,sham,2-1-1
497,100x-pulse-2Hz,31-01-2023,12,0.008333333333333333,dur,sham,2-1-1
498,100x-pulse-2Hz,31-01-2023,13,0.0,dur,sham,2-1-1
499,100x-pulse-2Hz,31-01-2023,14,0.008333333333333333,dur,sham,2-1-1
500,100x-pulse-2Hz,31-01-2023,17,0.008333333333333333,dur,sham,2-1-1
501,100x-pulse-2Hz,31-01-2023,18,0.016666666666666666,dur,sham,2-1-1
502,100x-pulse-2Hz,31-01-2023,20,0.0,dur,sham,2-1-1
503,100x-pulse-2Hz,31-01-2023,21,0.016666666666666666,dur,sham,2-1-1
504,100x-pulse-2Hz,31-01-2023,22,0.008333333333333333,dur,sham,2-1-1
505,100x-pulse-2Hz,31-01-2023,24,0.0,dur,sham,2-1-1
506,100x-pulse-2Hz,31-01-2023,25,0.008333333333333333,dur,sham,2-1-1
507,100x-pulse-2Hz,31-01-2023,26,0.0,dur,sham,2-1-1
508,100x-pulse-2Hz,31-01-2023,28,0.0,dur,sham,2-1-1
509,100x-pulse-2Hz,31-01-2023,29,0.0,dur,sham,2-1-1
510,100x-pulse-2Hz,31-01-2023,34,0.016666666666666666,dur,sham,2-1-1
511,100x-pulse-2Hz,31-01-2023,35,0.008333333333333333,dur,sham,2-1-1
512,100x-pulse-2Hz,31-01-2023,36,0.008333333333333333,dur,sham,2-1-1
513,100x-pulse-2Hz,31-01-2023,37,0.0,dur,sham,2-1-1
514,100x-pulse-2Hz,31-01-2023,39,0.0,dur,sham,2-1-1
515,100x-pulse-2Hz,31-01-2023,44,0.016666666666666666,dur,sham,2-1-1
516,100x-pulse-2Hz,31-01-2023,45,0.0,dur,sham,2-1-1
517,100x-pulse-2Hz,31-01-2023,46,0.0,dur,sham,2-1-1
518,100x-pulse-2Hz,31-01-2023,47,0.008333333333333333,dur,sham,2-1-1
519,100x-pulse-2Hz,31-01-2023,48,0.025,dur,sham,2-1-1
520,100x-pulse-2Hz,31-01-2023,49,0.008333333333333333,dur,sham,2-1-1
521,100x-pulse-2Hz,31-01-2023,50,0.0,dur,sham,2-1-1
522,100x-pulse-2Hz,31-01-2023,52,0.008333333333333333,dur,sham,2-1-1
523,100x-pulse-2Hz,31-01-2023,53,0.0,dur,sham,2-1-1
524,100x-pulse-2Hz,31-01-2023,54,0.0,dur,sham,2-1-1
525,100x-pulse-2Hz,31-01-2023,55,0.0,dur,sham,2-1-1
526,100x-pulse-2Hz,31-01-2023,56,0.0,dur,sham,2-1-1
527,100x-pulse-2Hz,31-01-2023,57,0.0,dur,sham,2-1-1
528,100x-pulse-2Hz,31-01-2023,58,0.008333333333333333,dur,sham,2-1-1
529,100x-pulse-2Hz,31-01-2023,59,0.0,dur,sham,2-1-1
530,100x-pulse-2Hz,31-01-2023,61,0.0,dur,sham,2-1-1
531,100x-pulse-2Hz,31-01-2023,64,0.0,dur,sham,2-1-1
532,100x-pulse-2Hz,31-01-2023,65,0.008333333333333333,dur,sham,2-1-1
533,100x-pulse-2Hz,31-01-2023,66,0.0,dur,sham,2-1-1
534,100x-pulse-2Hz,31-01-2023,67,0.03333333333333333,dur,sham,2-1-1
535,100x-pulse-2Hz,31-01-2023,68,0.008333333333333333,dur,sham,2-1-1
536,100x-pulse-2Hz,31-01-2023,70,0.008333333333333333,dur,sham,2-1-1
537,100x-pulse-2Hz,31-01-2023,71,0.0,dur,sham,2-1-1
538,100x-pulse-2Hz,31-01-2023,72,0.0,dur,sham,2-1-1
539,100x-pulse-2Hz,31-01-2023,73,0.0,dur,sham,2-1-1
540,100x-pulse-2Hz,31-01-2023,74,0.008333333333333333,dur,sham,2-1-1
541,100x-pulse-2Hz,31-01-2023,77,0.008333333333333333,dur,sham,2-1-1
542,100x-pulse-2Hz,31-01-2023,79,0.0,dur,sham,2-1-1
543,100x-pulse-2Hz,31-01-2023,83,0.0,dur,sham,2-1-1
544,100x-pulse-2Hz,31-01-2023,85,0.0,dur,sham,2-1-1
545,100x-pulse-2Hz,31-01-2023,87,0.008333333333333333,dur,sham,2-1-1
546,100x-pulse-2Hz,31-01-2023,88,0.008333333333333333,dur,sham,2-1-1
547,100x-pulse-2Hz,31-01-2023,92,0.0,dur,sham,2-1-1
548,100x-pulse-2Hz,31-01-2023,93,0.016666666666666666,dur,sham,2-1-1
549,100x-pulse-2Hz,31-01-2023,95,0.008333333333333333,dur,sham,2-1-1
550,100x-pulse-2Hz,31-01-2023,96,0.0,dur,sham,2-1-1
551,100x-pulse-2Hz,31-01-2023,98,0.0,dur,sham,2-1-1
552,100x-pulse-2Hz,31-01-2023,101,0.008333333333333333,dur,sham,2-1-1
553,100x-pulse-2Hz,31-01-2023,103,0.0,dur,sham,2-1-1
554,100x-pulse-2Hz,31-01-2023,107,0.0,dur,sham,2-1-1
555,100x-pulse-2Hz,31-01-2023,111,0.008333333333333333,dur,sham,2-1-1
556,100x-pulse-2Hz,31-01-2023,116,0.0,dur,sham,2-1-1
557,100x-pulse-2Hz,31-01-2023,118,0.008333333333333333,dur,sham,2-1-1
558,100x-pulse-2Hz,31-01-2023,124,0.008333333333333333,dur,sham,2-1-1
559,100x-pulse-2Hz,31-01-2023,126,0.008333333333333333,dur,sham,2-1-1
560,100x-pulse-2Hz,31-01-2023,127,0.016666666666666666,dur,sham,2-1-1
561,100x-pulse-2Hz,31-01-2023,129,0.0,dur,sham,2-1-1
562,100x-pulse-2Hz,31-01-2023,130,0.016666666666666666,dur,sham,2-1-1
563,100x-pulse-2Hz,31-01-2023,1,0.016666666666666666,pre,sham,2-1-1
564,100x-pulse-2Hz,31-01-2023,2,0.0,pre,sham,2-1-1
565,100x-pulse-2Hz,31-01-2023,3,0.0,pre,sham,2-1-1
566,100x-pulse-2Hz,31-01-2023,5,0.008333333333333333,pre,sham,2-1-1
567,100x-pulse-2Hz,31-01-2023,6,0.0,pre,sham,2-1-1
568,100x-pulse-2Hz,31-01-2023,8,0.008333333333333333,pre,sham,2-1-1
569,100x-pulse-2Hz,31-01-2023,9,0.0,pre,sham,2-1-1
570,100x-pulse-2Hz,31-01-2023,10,0.0,pre,sham,2-1-1
571,100x-pulse-2Hz,31-01-2023,11,0.0,pre,sham,2-1-1
572,100x-pulse-2Hz,31-01-2023,12,0.0,pre,sham,2-1-1
573,100x-pulse-2Hz,31-01-2023,13,0.0,pre,sham,2-1-1
574,100x-pulse-2Hz,31-01-2023,14,0.008333333333333333,pre,sham,2-1-1
575,100x-pulse-2Hz,31-01-2023,15,0.016666666666666666,pre,sham,2-1-1
576,100x-pulse-2Hz,31-01-2023,16,0.0,pre,sham,2-1-1
577,100x-pulse-2Hz,31-01-2023,18,0.016666666666666666,pre,sham,2-1-1
578,100x-pulse-2Hz,31-01-2023,19,0.0,pre,sham,2-1-1
579,100x-pulse-2Hz,31-01-2023,20,0.0,pre,sham,2-1-1
580,100x-pulse-2Hz,31-01-2023,21,0.0,pre,sham,2-1-1
581,100x-pulse-2Hz,31-01-2023,23,0.0,pre,sham,2-1-1
582,100x-pulse-2Hz,31-01-2023,25,0.0,pre,sham,2-1-1
583,100x-pulse-2Hz,31-01-2023,27,0.0,pre,sham,2-1-1
584,100x-pulse-2Hz,31-01-2023,28,0.0,pre,sham,2-1-1
585,100x-pulse-2Hz,31-01-2023,30,0.0,pre,sham,2-1-1
586,100x-pulse-2Hz,31-01-2023,32,0.0,pre,sham,2-1-1
587,100x-pulse-2Hz,31-01-2023,34,0.008333333333333333,pre,sham,2-1-1
588,100x-pulse-2Hz,31-01-2023,35,0.0,pre,sham,2-1-1
589,100x-pulse-2Hz,31-01-2023,37,0.008333333333333333,pre,sham,2-1-1
590,100x-pulse-2Hz,31-01-2023,38,0.0,pre,sham,2-1-1
591,100x-pulse-2Hz,31-01-2023,43,0.0,pre,sham,2-1-1
592,100x-pulse-2Hz,31-01-2023,46,0.0,pre,sham,2-1-1
593,100x-pulse-2Hz,31-01-2023,47,0.0,pre,sham,2-1-1
594,100x-pulse-2Hz,31-01-2023,49,0.0,pre,sham,2-1-1
595,100x-pulse-2Hz,31-01-2023,50,0.0,pre,sham,2-1-1
596,100x-pulse-2Hz,31-01-2023,51,0.008333333333333333,pre,sham,2-1-1
597,100x-pulse-2Hz,31-01-2023,54,0.0,pre,sham,2-1-1
598,100x-pulse-2Hz,31-01-2023,56,0.0,pre,sham,2-1-1
599,100x-pulse-2Hz,31-01-2023,57,0.008333333333333333,pre,sham,2-1-1
600,100x-pulse-2Hz,31-01-2023,58,0.016666666666666666,pre,sham,2-1-1
601,100x-pulse-2Hz,31-01-2023,59,0.008333333333333333,pre,sham,2-1-1
602,100x-pulse-2Hz,31-01-2023,60,0.016666666666666666,pre,sham,2-1-1
603,100x-pulse-2Hz,31-01-2023,64,0.016666666666666666,pre,sham,2-1-1
604,100x-pulse-2Hz,31-01-2023,65,0.0,pre,sham,2-1-1
605,100x-pulse-2Hz,31-01-2023,66,0.008333333333333333,pre,sham,2-1-1
606,100x-pulse-2Hz,31-01-2023,67,0.008333333333333333,pre,sham,2-1-1
607,100x-pulse-2Hz,31-01-2023,68,0.008333333333333333,pre,sham,2-1-1
608,100x-pulse-2Hz,31-01-2023,70,0.0,pre,sham,2-1-1
609,100x-pulse-2Hz,31-01-2023,71,0.008333333333333333,pre,sham,2-1-1
610,100x-pulse-2Hz,31-01-2023,72,0.008333333333333333,pre,sham,2-1-1
611,100x-pulse-2Hz,31-01-2023,73,0.0,pre,sham,2-1-1
612,100x-pulse-2Hz,31-01-2023,74,0.008333333333333333,pre,sham,2-1-1
613,100x-pulse-2Hz,31-01-2023,78,0.025,pre,sham,2-1-1
614,100x-pulse-2Hz,31-01-2023,81,0.008333333333333333,pre,sham,2-1-1
615,100x-pulse-2Hz,31-01-2023,83,0.0,pre,sham,2-1-1
616,100x-pulse-2Hz,31-01-2023,85,0.016666666666666666,pre,sham,2-1-1
617,100x-pulse-2Hz,31-01-2023,86,0.008333333333333333,pre,sham,2-1-1
618,100x-pulse-2Hz,31-01-2023,90,0.0,pre,sham,2-1-1
619,100x-pulse-2Hz,31-01-2023,93,0.0,pre,sham,2-1-1
620,100x-pulse-2Hz,31-01-2023,94,0.0,pre,sham,2-1-1
621,100x-pulse-2Hz,31-01-2023,97,0.008333333333333333,pre,sham,2-1-1
622,100x-pulse-2Hz,31-01-2023,99,0.016666666666666666,pre,sham,2-1-1
623,100x-pulse-2Hz,31-01-2023,111,0.0,pre,sham,2-1-1
624,100x-pulse-2Hz,31-01-2023,120,0.0,pre,sham,2-1-1
625,100x-pulse-2Hz,31-01-2023,121,0.0,pre,sham,2-1-1
626,100x-pulse-2Hz,31-01-2023,123,0.008333333333333333,pre,sham,2-1-1
627,100x-pulse-2Hz,31-01-2023,124,0.008333333333333333,pre,sham,2-1-1
628,100x-pulse-2Hz,31-01-2023,1,0.0,dur,stim,2-1-1
629,100x-pulse-2Hz,31-01-2023,2,0.0,dur,stim,2-1-1
630,100x-pulse-2Hz,31-01-2023,4,0.0,dur,stim,2-1-1
631,100x-pulse-2Hz,31-01-2023,5,0.0,dur,stim,2-1-1
632,100x-pulse-2Hz,31-01-2023,6,0.0,dur,stim,2-1-1
633,100x-pulse-2Hz,31-01-2023,9,0.008333333333333333,dur,stim,2-1-1
634,100x-pulse-2Hz,31-01-2023,10,0.008333333333333333,dur,stim,2-1-1
635,100x-pulse-2Hz,31-01-2023,13,0.0,dur,stim,2-1-1
636,100x-pulse-2Hz,31-01-2023,14,0.0,dur,stim,2-1-1
637,100x-pulse-2Hz,31-01-2023,16,0.016666666666666666,dur,stim,2-1-1
638,100x-pulse-2Hz,31-01-2023,17,0.008333333333333333,dur,stim,2-1-1
639,100x-pulse-2Hz,31-01-2023,18,0.025,dur,stim,2-1-1
640,100x-pulse-2Hz,31-01-2023,20,0.0,dur,stim,2-1-1
641,100x-pulse-2Hz,31-01-2023,21,0.0,dur,stim,2-1-1
642,100x-pulse-2Hz,31-01-2023,22,0.0,dur,stim,2-1-1
643,100x-pulse-2Hz,31-01-2023,25,0.0,dur,stim,2-1-1
644,100x-pulse-2Hz,31-01-2023,26,0.0,dur,stim,2-1-1
645,100x-pulse-2Hz,31-01-2023,27,0.016666666666666666,dur,stim,2-1-1
646,100x-pulse-2Hz,31-01-2023,28,0.008333333333333333,dur,stim,2-1-1
647,100x-pulse-2Hz,31-01-2023,31,0.016666666666666666,dur,stim,2-1-1
648,100x-pulse-2Hz,31-01-2023,32,0.016666666666666666,dur,stim,2-1-1
649,100x-pulse-2Hz,31-01-2023,33,0.025,dur,stim,2-1-1
650,100x-pulse-2Hz,31-01-2023,34,0.03333333333333333,dur,stim,2-1-1
651,100x-pulse-2Hz,31-01-2023,35,0.016666666666666666,dur,stim,2-1-1
652,100x-pulse-2Hz,31-01-2023,36,0.016666666666666666,dur,stim,2-1-1
653,100x-pulse-2Hz,31-01-2023,37,0.041666666666666664,dur,stim,2-1-1
654,100x-pulse-2Hz,31-01-2023,38,0.0,dur,stim,2-1-1
655,100x-pulse-2Hz,31-01-2023,39,0.025,dur,stim,2-1-1
656,100x-pulse-2Hz,31-01-2023,40,0.03333333333333333,dur,stim,2-1-1
657,100x-pulse-2Hz,31-01-2023,42,0.03333333333333333,dur,stim,2-1-1
658,100x-pulse-2Hz,31-01-2023,43,0.016666666666666666,dur,stim,2-1-1
659,100x-pulse-2Hz,31-01-2023,44,0.008333333333333333,dur,stim,2-1-1
660,100x-pulse-2Hz,31-01-2023,45,0.0,dur,stim,2-1-1
661,100x-pulse-2Hz,31-01-2023,47,0.016666666666666666,dur,stim,2-1-1
662,100x-pulse-2Hz,31-01-2023,49,0.025,dur,stim,2-1-1
663,100x-pulse-2Hz,31-01-2023,50,0.016666666666666666,dur,stim,2-1-1
664,100x-pulse-2Hz,31-01-2023,51,0.016666666666666666,dur,stim,2-1-1
665,100x-pulse-2Hz,31-01-2023,52,0.0,dur,stim,2-1-1
666,100x-pulse-2Hz,31-01-2023,56,0.0,dur,stim,2-1-1
667,100x-pulse-2Hz,31-01-2023,57,0.008333333333333333,dur,stim,2-1-1
668,100x-pulse-2Hz,31-01-2023,58,0.008333333333333333,dur,stim,2-1-1
669,100x-pulse-2Hz,31-01-2023,59,0.008333333333333333,dur,stim,2-1-1
670,100x-pulse-2Hz,31-01-2023,60,0.0,dur,stim,2-1-1
671,100x-pulse-2Hz,31-01-2023,61,0.0,dur,stim,2-1-1
672,100x-pulse-2Hz,31-01-2023,64,0.03333333333333333,dur,stim,2-1-1
673,100x-pulse-2Hz,31-01-2023,66,0.016666666666666666,dur,stim,2-1-1
674,100x-pulse-2Hz,31-01-2023,68,0.0,dur,stim,2-1-1
675,100x-pulse-2Hz,31-01-2023,71,0.03333333333333333,dur,stim,2-1-1
676,100x-pulse-2Hz,31-01-2023,73,0.025,dur,stim,2-1-1
677,100x-pulse-2Hz,31-01-2023,75,0.0,dur,stim,2-1-1
678,100x-pulse-2Hz,31-01-2023,76,0.0,dur,stim,2-1-1
679,100x-pulse-2Hz,31-01-2023,77,0.008333333333333333,dur,stim,2-1-1
680,100x-pulse-2Hz,31-01-2023,78,0.025,dur,stim,2-1-1
681,100x-pulse-2Hz,31-01-2023,81,0.008333333333333333,dur,stim,2-1-1
682,100x-pulse-2Hz,31-01-2023,82,0.03333333333333333,dur,stim,2-1-1
683,100x-pulse-2Hz,31-01-2023,87,0.008333333333333333,dur,stim,2-1-1
684,100x-pulse-2Hz,31-01-2023,89,0.008333333333333333,dur,stim,2-1-1
685,100x-pulse-2Hz,31-01-2023,91,0.016666666666666666,dur,stim,2-1-1
686,100x-pulse-2Hz,31-01-2023,92,0.0,dur,stim,2-1-1
687,100x-pulse-2Hz,31-01-2023,94,0.0,dur,stim,2-1-1
688,100x-pulse-2Hz,31-01-2023,102,0.0,dur,stim,2-1-1
689,100x-pulse-2Hz,31-01-2023,104,0.016666666666666666,dur,stim,2-1-1
690,100x-pulse-2Hz,31-01-2023,106,0.008333333333333333,dur,stim,2-1-1
691,100x-pulse-2Hz,31-01-2023,109,0.0,dur,stim,2-1-1
692,100x-pulse-2Hz,31-01-2023,110,0.008333333333333333,dur,stim,2-1-1
693,100x-pulse-2Hz,31-01-2023,111,0.008333333333333333,dur,stim,2-1-1
694,100x-pulse-2Hz,31-01-2023,113,0.016666666666666666,dur,stim,2-1-1
695,100x-pulse-2Hz,31-01-2023,115,0.008333333333333333,dur,stim,2-1-1
696,100x-pulse-2Hz,31-01-2023,116,0.0,dur,stim,2-1-1
697,100x-pulse-2Hz,31-01-2023,118,0.008333333333333333,dur,stim,2-1-1
698,100x-pulse-2Hz,31-01-2023,120,0.008333333333333333,dur,stim,2-1-1
699,100x-pulse-2Hz,31-01-2023,124,0.0,dur,stim,2-1-1
700,100x-pulse-2Hz,31-01-2023,129,0.008333333333333333,dur,stim,2-1-1
701,100x-pulse-2Hz,31-01-2023,130,0.008333333333333333,dur,stim,2-1-1
702,100x-pulse-2Hz,31-01-2023,131,0.016666666666666666,dur,stim,2-1-1
703,100x-pulse-2Hz,31-01-2023,134,0.0,dur,stim,2-1-1
704,100x-pulse-2Hz,31-01-2023,138,0.0,dur,stim,2-1-1
705,100x-pulse-2Hz,31-01-2023,139,0.0,dur,stim,2-1-1
706,100x-pulse-2Hz,31-01-2023,141,0.008333333333333333,dur,stim,2-1-1
707,100x-pulse-2Hz,31-01-2023,149,0.008333333333333333,dur,stim,2-1-1
708,100x-pulse-2Hz,31-01-2023,150,0.0,dur,stim,2-1-1
709,100x-pulse-2Hz,31-01-2023,151,0.0,dur,stim,2-1-1
710,100x-pulse-2Hz,31-01-2023,152,0.0,dur,stim,2-1-1
711,100x-pulse-2Hz,31-01-2023,154,0.0,dur,stim,2-1-1
712,100x-pulse-2Hz,31-01-2023,155,0.0,dur,stim,2-1-1
713,100x-pulse-2Hz,31-01-2023,157,0.008333333333333333,dur,stim,2-1-1
714,100x-pulse-2Hz,31-01-2023,158,0.0,dur,stim,2-1-1
715,100x-pulse-2Hz,31-01-2023,1,0.016666666666666666,pre,stim,2-1-1
716,100x-pulse-2Hz,31-01-2023,2,0.0,pre,stim,2-1-1
717,100x-pulse-2Hz,31-01-2023,3,0.0,pre,stim,2-1-1
718,100x-pulse-2Hz,31-01-2023,5,0.008333333333333333,pre,stim,2-1-1
719,100x-pulse-2Hz,31-01-2023,6,0.0,pre,stim,2-1-1
720,100x-pulse-2Hz,31-01-2023,8,0.008333333333333333,pre,stim,2-1-1
721,100x-pulse-2Hz,31-01-2023,9,0.0,pre,stim,2-1-1
722,100x-pulse-2Hz,31-01-2023,10,0.0,pre,stim,2-1-1
723,100x-pulse-2Hz,31-01-2023,11,0.0,pre,stim,2-1-1
724,100x-pulse-2Hz,31-01-2023,12,0.0,pre,stim,2-1-1
725,100x-pulse-2Hz,31-01-2023,13,0.0,pre,stim,2-1-1
726,100x-pulse-2Hz,31-01-2023,14,0.008333333333333333,pre,stim,2-1-1
727,100x-pulse-2Hz,31-01-2023,15,0.016666666666666666,pre,stim,2-1-1
728,100x-pulse-2Hz,31-01-2023,16,0.0,pre,stim,2-1-1
729,100x-pulse-2Hz,31-01-2023,18,0.016666666666666666,pre,stim,2-1-1
730,100x-pulse-2Hz,31-01-2023,19,0.0,pre,stim,2-1-1
731,100x-pulse-2Hz,31-01-2023,20,0.0,pre,stim,2-1-1
732,100x-pulse-2Hz,31-01-2023,21,0.0,pre,stim,2-1-1
733,100x-pulse-2Hz,31-01-2023,23,0.0,pre,stim,2-1-1
734,100x-pulse-2Hz,31-01-2023,25,0.0,pre,stim,2-1-1
735,100x-pulse-2Hz,31-01-2023,27,0.0,pre,stim,2-1-1
736,100x-pulse-2Hz,31-01-2023,28,0.0,pre,stim,2-1-1
737,100x-pulse-2Hz,31-01-2023,30,0.0,pre,stim,2-1-1
738,100x-pulse-2Hz,31-01-2023,32,0.0,pre,stim,2-1-1
739,100x-pulse-2Hz,31-01-2023,34,0.008333333333333333,pre,stim,2-1-1
740,100x-pulse-2Hz,31-01-2023,35,0.0,pre,stim,2-1-1
741,100x-pulse-2Hz,31-01-2023,37,0.008333333333333333,pre,stim,2-1-1
742,100x-pulse-2Hz,31-01-2023,38,0.0,pre,stim,2-1-1
743,100x-pulse-2Hz,31-01-2023,43,0.0,pre,stim,2-1-1
744,100x-pulse-2Hz,31-01-2023,46,0.0,pre,stim,2-1-1
745,100x-pulse-2Hz,31-01-2023,47,0.0,pre,stim,2-1-1
746,100x-pulse-2Hz,31-01-2023,49,0.0,pre,stim,2-1-1
747,100x-pulse-2Hz,31-01-2023,50,0.0,pre,stim,2-1-1
748,100x-pulse-2Hz,31-01-2023,51,0.008333333333333333,pre,stim,2-1-1
749,100x-pulse-2Hz,31-01-2023,54,0.0,pre,stim,2-1-1
750,100x-pulse-2Hz,31-01-2023,56,0.0,pre,stim,2-1-1
751,100x-pulse-2Hz,31-01-2023,57,0.008333333333333333,pre,stim,2-1-1
752,100x-pulse-2Hz,31-01-2023,58,0.016666666666666666,pre,stim,2-1-1
753,100x-pulse-2Hz,31-01-2023,59,0.008333333333333333,pre,stim,2-1-1
754,100x-pulse-2Hz,31-01-2023,60,0.016666666666666666,pre,stim,2-1-1
755,100x-pulse-2Hz,31-01-2023,64,0.016666666666666666,pre,stim,2-1-1
756,100x-pulse-2Hz,31-01-2023,65,0.0,pre,stim,2-1-1
757,100x-pulse-2Hz,31-01-2023,66,0.008333333333333333,pre,stim,2-1-1
758,100x-pulse-2Hz,31-01-2023,67,0.008333333333333333,pre,stim,2-1-1
759,100x-pulse-2Hz,31-01-2023,68,0.008333333333333333,pre,stim,2-1-1
760,100x-pulse-2Hz,31-01-2023,70,0.0,pre,stim,2-1-1
761,100x-pulse-2Hz,31-01-2023,71,0.008333333333333333,pre,stim,2-1-1
762,100x-pulse-2Hz,31-01-2023,72,0.008333333333333333,pre,stim,2-1-1
763,100x-pulse-2Hz,31-01-2023,73,0.0,pre,stim,2-1-1
764,100x-pulse-2Hz,31-01-2023,74,0.008333333333333333,pre,stim,2-1-1
765,100x-pulse-2Hz,31-01-2023,78,0.025,pre,stim,2-1-1
766,100x-pulse-2Hz,31-01-2023,81,0.008333333333333333,pre,stim,2-1-1
767,100x-pulse-2Hz,31-01-2023,83,0.0,pre,stim,2-1-1
768,100x-pulse-2Hz,31-01-2023,85,0.016666666666666666,pre,stim,2-1-1
769,100x-pulse-2Hz,31-01-2023,86,0.008333333333333333,pre,stim,2-1-1
770,100x-pulse-2Hz,31-01-2023,90,0.0,pre,stim,2-1-1
771,100x-pulse-2Hz,31-01-2023,93,0.0,pre,stim,2-1-1
772,100x-pulse-2Hz,31-01-2023,94,0.0,pre,stim,2-1-1
773,100x-pulse-2Hz,31-01-2023,97,0.008333333333333333,pre,stim,2-1-1
774,100x-pulse-2Hz,31-01-2023,99,0.016666666666666666,pre,stim,2-1-1
775,100x-pulse-2Hz,31-01-2023,111,0.0,pre,stim,2-1-1
776,100x-pulse-2Hz,31-01-2023,120,0.0,pre,stim,2-1-1
777,100x-pulse-2Hz,31-01-2023,121,0.0,pre,stim,2-1-1
778,100x-pulse-2Hz,31-01-2023,123,0.008333333333333333,pre,stim,2-1-1
779,100x-pulse-2Hz,31-01-2023,124,0.008333333333333333,pre,stim,2-1-1
780,100x-pulse-2Hz,31-01-2023,3,0.0,dur,sham,2-1-2
781,100x-pulse-2Hz,31-01-2023,4,0.0,dur,sham,2-1-2
782,100x-pulse-2Hz,31-01-2023,5,0.008333333333333333,dur,sham,2-1-2
783,100x-pulse-2Hz,31-01-2023,6,0.0,dur,sham,2-1-2
784,100x-pulse-2Hz,31-01-2023,12,0.008333333333333333,dur,sham,2-1-2
785,100x-pulse-2Hz,31-01-2023,5,0.008333333333333333,pre,sham,2-1-2
